full_name,name,objective,Gender,Age,Weight,Height,current_fitness_level,training_history,exercise_preferences,available_equipment,schedule,specific_goals,injury_history,lifestyle_factors,recovery_ability,primary_nutrition_goal,number_of_meals,current_diet,importance_of_variety,favorite_foods,how_often_snacks,dietary_supplements,allergies,about,weeks1_4_description,week_1_day_1_exercise_1,week_1_day_1_exercise_1_sets,week_1_day_1_exercise_1_reps,week_1_day_1_exercise_2,week_1_day_1_exercise_2_sets,week_1_day_1_exercise_2_reps,week_1_day_1_exercise_3,week_1_day_1_exercise_3_sets,week_1_day_1_exercise_3_reps,week_1_day_1_exercise_4,week_1_day_1_exercise_4_sets,week_1_day_1_exercise_4_reps,week_1_day_1_exercise_5,week_1_day_1_exercise_5_sets,week_1_day_1_exercise_5_reps,week_1_day_2_exercise_1,week_1_day_2_exercise_1_sets,week_1_day_2_exercise_1_reps,week_1_day_2_exercise_2,week_1_day_2_exercise_2_sets,week_1_day_2_exercise_2_reps,week_1_day_2_exercise_3,week_1_day_2_exercise_3_sets,week_1_day_2_exercise_3_reps,week_1_day_2_exercise_4,week_1_day_2_exercise_4_sets,week_1_day_2_exercise_4_reps,week_1_day_2_exercise_5,week_1_day_2_exercise_5_sets,week_1_day_2_exercise_5_reps,week_1_day_3_exercise_1,week_1_day_3_exercise_1_sets,week_1_day_3_exercise_1_reps,week_1_day_3_exercise_2,week_1_day_3_exercise_2_reps,week_1_day_3_exercise_2_sets,week_1_day_3_exercise_3,week_1_day_3_exercise_3_sets,week_1_day_3_exercise_3_reps,week_1_day_3_exercise_4,week_1_day_3_exercise_4_sets,week_1_day_3_exercise_4_reps,week_1_day_3_exercise_5,week_1_day_3_exercise_5_sets,week_1_day_3_exercise_5_reps
Ermina Belhomme,Ermina,lobortis convallis,Female,45,53.75,188.15,Intermediate,pellentesque at nulla,dictumst morbi,augue vestibulum rutrum,mattis egestas metus,ante vel ipsum,primis in,quisque erat,in tempor turpis,id massa,7,nibh ligula nec,accumsan odio,platea dictumst,vel nulla,justo lacinia eget,urna ut,"Praesent id massa id nisl venenatis lacinia. Aenean sit amet justo. Morbi ut odio.

Cras mi pede, malesuada in, imperdiet et, commodo vulputate, justo. In blandit ultrices enim. Lorem ipsum dolor sit amet, consectetuer adipiscing elit.

Proin interdum mauris non ligula pellentesque ultrices. Phasellus id sapien in sapien iaculis congue. Vivamus metus arcu, adipiscing molestie, hendrerit at, vulputate vitae, nisl.

Aenean lectus. Pellentesque eget nunc. Donec quis orci eget orci vehicula condimentum.

Curabitur in libero ut massa volutpat convallis. Morbi odio odio, elementum eu, interdum eu, tincidunt in, leo. Maecenas pulvinar lobortis est.","Sed sagittis. Nam congue, risus semper porta volutpat, quam pede lobortis ligula, sit amet eleifend pede libero quis orci. Nullam molestie nibh in lectus.

Pellentesque at nulla. Suspendisse potenti. Cras in purus eu magna vulputate luctus.

Cum sociis natoque penatibus et magnis dis parturient montes, nascetur ridiculus mus. Vivamus vestibulum sagittis sapien. Cum sociis natoque penatibus et magnis dis parturient montes, nascetur ridiculus mus.

Etiam vel augue. Vestibulum rutrum rutrum neque. Aenean auctor gravida sem.

Praesent id massa id nisl venenatis lacinia. Aenean sit amet justo. Morbi ut odio.",semper rutrum,9,11,faucibus orci luctus,10,26,pretium quis lectus,3,10,elementum nullam,2,31,lacus at turpis,3,41,neque sapien,17,39,justo in,8,14,luctus et ultrices,7,13,massa id nisl,49,16,quisque ut,34,38,mauris sit amet,6,25,id turpis integer,19,6,sodales sed,3,21,aliquam lacus morbi,7,17,nunc proin at,5,46
