full_name,name,objective,Gender,Age,Weight,Height,current_fitness_level,training_history,exercise_preferences,available_equipment,schedule,specific_goals,injury_history,lifestyle_factors,recovery_ability,primary_nutrition_goal,number_of_meals,current_diet,importance_of_variety,favorite_foods,how_often_snacks,dietary_supplements,allergies,about,weeks1_4_description,week_1_day_1_exercise_1,week_1_day_1_exercise_1_sets,week_1_day_1_exercise_1_reps,week_1_day_1_exercise_2,week_1_day_1_exercise_2_sets,week_1_day_1_exercise_2_reps,week_1_day_1_exercise_3,week_1_day_1_exercise_3_sets,week_1_day_1_exercise_3_reps,week_1_day_1_exercise_4,week_1_day_1_exercise_4_sets,week_1_day_1_exercise_4_reps,week_1_day_1_exercise_5,week_1_day_1_exercise_5_sets,week_1_day_1_exercise_5_reps,week_1_day_2_exercise_1,week_1_day_2_exercise_1_sets,week_1_day_2_exercise_1_reps,week_1_day_3_exercise_1,week_1_day_3_exercise_1_sets,week_1_day_3_exercise_1_reps,week_1_day_3_exercise_2,week_1_day_3_exercise_2_reps,week_1_day_3_exercise_2_sets,week_1_day_3_exercise_3,week_1_day_3_exercise_3_sets,week_1_day_3_exercise_3_reps,week_1_day_3_exercise_4,week_1_day_3_exercise_4_sets,week_1_day_3_exercise_4_reps,week_1_day_3_exercise_5,week_1_day_3_exercise_5_sets,week_1_day_3_exercise_5_reps
Valle Mattack,Valle,id nisl,Genderqueer,62,126.37,201.47,Advanced,amet diam in,nunc purus,tempus semper,pretium nisl ut,rhoncus aliquet pulvinar,odio condimentum,ultrices aliquet maecenas,porta volutpat quam,vestibulum ante,10,quisque id justo,nullam orci pede,ut erat,elit proin,leo odio porttitor,eget eleifend,"Proin eu mi. Nulla ac enim. In tempor, turpis nec euismod scelerisque, quam turpis adipiscing lorem, vitae mattis nibh ligula nec sem.

Duis aliquam convallis nunc. Proin at turpis a pede posuere nonummy. Integer non velit.

Donec diam neque, vestibulum eget, vulputate ut, ultrices vel, augue. Vestibulum ante ipsum primis in faucibus orci luctus et ultrices posuere cubilia Curae; Donec pharetra, magna vestibulum aliquet ultrices, erat tortor sollicitudin mi, sit amet lobortis sapien sapien non mi. Integer ac neque.

Duis bibendum. Morbi non quam nec dui luctus rutrum. Nulla tellus.

In sagittis dui vel nisl. Duis ac nibh. Fusce lacus purus, aliquet at, feugiat non, pretium quis, lectus.

Suspendisse potenti. In eleifend quam a odio. In hac habitasse platea dictumst.","Vestibulum ac est lacinia nisi venenatis tristique. Fusce congue, diam id ornare imperdiet, sapien urna pretium nisl, ut volutpat sapien arcu sed augue. Aliquam erat volutpat.

In congue. Etiam justo. Etiam pretium iaculis justo.

In hac habitasse platea dictumst. Etiam faucibus cursus urna. Ut tellus.

Nulla ut erat id mauris vulputate elementum. Nullam varius. Nulla facilisi.

Cras non velit nec nisi vulputate nonummy. Maecenas tincidunt lacus at velit. Vivamus vel nulla eget eros elementum pellentesque.

Quisque porta volutpat erat. Quisque erat eros, viverra eget, congue eget, semper rutrum, nulla. Nunc purus.",amet consectetuer,9,15,luctus ultricies eu,8,14,eget tempus,6,37,id pretium,10,25,nibh in lectus,10,30,nisl duis bibendum,6,37,neque aenean,10,34,cum sociis,43,10,mauris ullamcorper purus,3,10,potenti cras in,10,15,faucibus cursus urna,3,15
